time,temperature,pressure,voltage
0.0,25.7,98.3,11.6
0.1,27.4,104.0,12.1
0.2,22.3,103.5,11.7
0.3,24.2,101.2,11.6
0.4,28.0,100.1,12.0
0.5,22.0,99.3,12.0
0.6,24.0,101.7,12.0
0.7,25.0,97.5,12.1
0.8,25.9,99.8,12.1
0.9,24.9,99.9,12.0
1.0,22.3,98.0,11.9
1.1,26.2,97.2,12.3
1.2,25.4,97.7,12.1
1.3,24.9,100.6,12.6
1.4,25.3,98.9,12.6
1.5,25.2,96.6,12.8
1.6,24.8,102.1,12.0
1.7,25.2,101.5,12.5
1.8,26.9,97.2,11.6
1.9,25.0,100.0,12.5
2.0,26.0,99.1,12.0
2.1,23.6,99.5,10.8
2.2,23.4,97.7,11.7
2.3,24.8,103.1,12.6
2.4,24.5,101.7,11.8
2.5,26.4,97.4,11.8
2.6,28.2,99.0,11.4
2.7,25.1,97.3,12.4
2.8,24.9,97.2,12.1
2.9,25.4,88.6,12.0
3.0,24.8,102.2,12.0
3.1,25.3,102.0,10.7
3.2,26.7,101.6,12.2
3.3,28.4,100.5,11.6
3.4,25.7,97.6,11.8
3.5,28.3,102.3,12.2
3.6,23.1,98.9,12.5
3.7,24.1,100.2,12.3
3.8,26.4,98.7,12.4
3.9,22.0,103.3,11.4
4.0,23.1,96.5,11.0
4.1,27.5,102.1,12.0
4.2,23.5,102.8,11.7
4.3,26.1,100.3,12.0
4.4,25.3,101.7,12.0
4.5,21.3,99.2,12.2
4.6,20.8,100.8,12.3
4.7,24.8,99.9,11.8
4.8,25.8,98.2,12.3
4.9,26.9,98.7,12.0
5.0,24.7,99.0,12.3
5.1,24.1,97.1,11.6
5.2,22.9,99.8,12.7
5.3,24.6,97.1,12.4
5.4,26.8,102.0,12.5
5.5,25.9,99.5,11.4
5.6,25.7,100.7,12.5
5.7,27.3,102.2,12.6
5.8,26.8,100.4,12.1
5.9,26.4,101.3,11.3
6.0,24.0,99.9,12.0
6.1,23.9,101.9,12.8
6.2,25.7,98.1,12.7
6.3,24.8,97.5,11.7
6.4,24.7,97.8,11.8
6.5,23.9,98.0,12.4
6.6,22.9,102.9,12.2
6.7,26.9,100.1,12.3
6.8,22.3,98.3,11.4
6.9,27.7,98.8,12.4
7.0,24.9,101.7,10.8
7.1,25.2,96.7,11.7
7.2,26.1,99.9,11.3
7.3,24.6,96.7,12.6
7.4,26.5,100.3,13.9
7.5,23.4,99.0,12.1
7.6,23.2,100.1,12.1
7.7,26.2,99.6,11.7
7.8,25.4,100.8,12.1
7.9,25.0,98.9,12.0
8.0,22.4,98.1,10.9
8.1,22.1,101.5,12.3
8.2,26.7,100.5,11.5
8.3,27.5,101.6,11.7
8.4,27.4,99.0,11.6
8.5,25.4,98.5,13.4
8.6,26.5,100.9,11.3
8.7,27.2,101.1,11.5
8.8,27.7,98.2,11.6
8.9,25.1,100.5,12.0
9.0,24.6,100.1,11.4
9.1,30.4,98.4,12.7
9.2,26.5,98.7,11.7
9.3,22.4,103.4,11.1
9.4,28.8,101.0,11.3
9.5,25.1,98.2,12.5
9.6,22.0,99.2,12.6
9.7,24.3,97.5,11.8
9.8,24.8,97.1,11.9
9.9,23.1,97.8,11.9
10.0,24.3,99.0,12.0
10.1,26.4,99.8,12.1
10.2,26.7,98.2,11.6
10.3,23.5,101.9,12.0
10.4,24.0,96.5,11.3
10.5,22.2,98.5,11.7
10.6,27.4,99.0,12.5
10.7,27.6,101.1,11.8
10.8,26.9,101.4,12.6
10.9,26.5,101.1,11.4
11.0,23.8,100.7,11.9
11.1,26.5,101.4,11.8
11.2,26.8,99.9,12.2
11.3,21.5,98.7,11.1
11.4,25.5,105.2,12.1
11.5,23.1,97.0,11.9
11.6,23.1,100.5,12.3
11.7,27.0,101.8,12.0
11.8,29.7,102.0,12.2
11.9,22.7,95.1,11.0
12.0,23.4,98.6,11.6
12.1,21.8,100.7,11.3
12.2,22.1,100.7,10.7
12.3,22.8,98.6,11.8
12.4,21.7,97.8,12.4
12.5,22.6,100.4,11.4
12.6,24.5,98.6,12.5
12.7,21.9,100.1,12.3
12.8,25.4,100.7,11.2
12.9,22.7,100.2,12.1
13.0,22.1,97.6,11.4
13.1,25.1,98.3,11.9
13.2,27.3,98.9,12.9
13.3,29.2,99.0,12.0
13.4,25.0,100.1,12.5
13.5,25.8,102.3,11.0
13.6,24.7,102.8,12.8
13.7,21.4,100.6,12.0
13.8,24.9,100.8,11.8
13.9,25.1,97.9,12.6
14.0,23.9,97.4,12.2
14.1,25.7,101.7,12.5
14.2,27.4,102.7,11.3
14.3,25.9,100.5,12.5
14.4,23.3,102.3,11.8
14.5,23.0,97.0,11.7
14.6,25.5,101.2,12.5
14.7,24.3,98.0,12.8
14.8,25.9,101.4,12.0
14.9,28.6,101.3,11.2
15.0,25.5,99.7,12.5
15.1,27.4,99.7,12.2
15.2,26.1,100.6,12.3
15.3,25.5,99.7,10.9
15.4,26.4,102.1,10.9
15.5,27.4,97.9,11.7
15.6,23.4,99.2,12.5
15.7,26.8,101.1,12.7
15.8,23.0,100.4,12.2
15.9,23.9,101.2,12.1
16.0,26.6,102.0,12.2
16.1,24.0,102.6,11.4
16.2,26.2,98.3,12.3
16.3,23.2,100.4,12.5
16.4,24.2,98.3,12.3
16.5,21.2,100.9,12.9
16.6,27.1,101.4,11.9
16.7,25.9,100.4,12.2
16.8,25.4,100.5,12.1
16.9,22.5,97.0,11.3
17.0,24.9,101.9,12.4
17.1,23.0,97.7,10.9
17.2,27.1,98.0,11.2
17.3,25.7,101.4,12.5
17.4,23.8,99.7,11.8
17.5,27.5,99.0,11.7
17.6,27.6,99.1,12.2
17.7,26.2,96.7,12.3
17.8,25.5,101.8,12.8
17.9,19.6,101.0,11.8
18.0,26.8,99.0,11.6
18.1,30.2,101.5,10.4
18.2,26.7,100.9,12.1
18.3,26.2,99.5,10.6
18.4,23.9,100.2,11.6
18.5,25.9,100.9,12.1
18.6,25.6,98.0,13.0
18.7,23.5,99.3,12.6
18.8,25.0,101.3,12.2
18.9,25.4,94.2,12.6
19.0,21.6,104.3,11.8
19.1,24.1,100.6,12.0
19.2,25.1,98.8,12.1
19.3,28.9,99.5,11.6
19.4,26.1,98.4,12.0
19.5,26.2,97.5,12.3
19.6,23.8,100.2,12.8
19.7,22.2,99.7,11.7
19.8,20.9,103.8,12.8
19.9,23.2,98.1,11.7
20.0,24.7,100.6,12.1
20.1,25.6,100.5,13.2
20.2,20.8,95.5,11.9
20.3,25.3,103.5,13.0
20.4,25.2,98.2,11.5
20.5,24.6,99.1,12.4
20.6,24.4,102.5,12.0
20.7,26.1,99.9,11.8
20.8,27.4,104.6,12.5
20.9,22.5,99.8,12.6
21.0,24.6,101.2,13.0
21.1,25.4,99.7,12.2
21.2,23.2,96.6,11.6
21.3,25.3,100.0,12.2
21.4,24.1,102.9,12.7
21.5,22.1,98.6,11.9
21.6,26.2,99.6,11.2
21.7,25.5,99.6,12.1
21.8,24.8,98.0,11.8
21.9,28.8,100.6,12.6
22.0,24.8,100.0,12.0
22.1,23.2,101.8,12.5
22.2,25.8,101.0,11.4
22.3,26.4,99.5,12.6
22.4,29.9,100.3,11.7
22.5,26.3,102.8,11.8
22.6,30.0,98.6,12.5
22.7,24.5,100.3,12.5
22.8,27.5,98.3,12.4
22.9,23.9,98.5,12.0
23.0,26.9,101.9,11.4
23.1,28.4,98.4,11.8
23.2,25.7,101.6,12.5
23.3,24.2,100.5,12.1
23.4,23.0,98.6,12.0
23.5,29.0,96.6,12.6
23.6,25.6,97.8,12.2
23.7,23.4,96.5,11.6
23.8,21.5,99.1,12.5
23.9,27.6,100.5,12.1
24.0,26.6,101.6,11.9
24.1,23.4,98.9,11.6
24.2,23.8,102.4,11.7
24.3,29.2,101.0,11.9
24.4,24.5,100.0,12.4
24.5,25.2,96.4,13.0
24.6,25.9,100.1,11.4
24.7,23.1,97.6,11.7
24.8,27.2,99.8,11.8
24.9,25.4,101.4,11.6
25.0,25.8,104.2,12.2
25.1,26.4,98.6,11.8
25.2,22.8,101.1,12.4
25.3,24.7,99.2,12.0
25.4,28.2,104.3,11.6
25.5,28.4,95.0,12.0
25.6,25.2,102.8,12.3
25.7,25.5,101.9,12.4
25.8,24.4,98.4,11.7
25.9,24.0,103.0,11.8
26.0,21.8,101.9,12.8
26.1,27.2,98.7,12.2
26.2,25.5,97.8,12.1
26.3,23.8,102.5,11.5
26.4,24.5,102.8,12.6
26.5,27.6,94.9,11.8
26.6,24.7,100.1,12.4
26.7,26.4,98.8,11.9
26.8,25.6,100.9,12.1
26.9,23.1,100.4,12.2
27.0,21.0,98.4,12.3
27.1,25.6,101.1,11.1
27.2,26.4,96.2,12.3
27.3,26.5,98.2,11.5
27.4,24.1,101.2,12.1
27.5,26.3,96.9,11.5
27.6,24.4,99.0,12.0
27.7,26.3,99.0,12.8
27.8,29.5,102.2,12.5
27.9,24.1,96.2,11.2
28.0,18.8,99.4,11.6
28.1,26.1,97.4,11.9
28.2,25.5,100.0,12.3
28.3,23.6,98.3,11.5
28.4,27.5,97.9,10.5
28.5,27.2,101.0,13.6
28.6,24.4,100.9,12.4
28.7,25.8,102.0,11.0
28.8,21.7,100.0,11.6
28.9,28.1,100.0,11.5
29.0,22.4,95.9,11.8
29.1,28.1,101.6,12.0
29.2,26.9,98.3,12.4
29.3,26.6,102.0,12.8
29.4,26.0,101.5,12.0
29.5,26.9,97.7,11.7
29.6,22.5,103.9,12.0
29.7,24.2,99.7,12.4
29.8,28.3,99.6,11.6
29.9,21.8,100.0,11.8
30.0,22.7,99.4,11.7
30.1,29.2,96.3,12.3
30.2,23.5,103.7,12.1
30.3,27.7,99.9,11.8
30.4,25.0,97.7,11.1
30.5,22.2,100.8,12.6
30.6,25.5,93.0,12.1
30.7,30.9,103.4,12.4
30.8,28.4,101.7,12.5
30.9,26.8,99.5,12.3
31.0,27.7,103.1,12.8
31.1,24.3,101.5,11.1
31.2,25.7,100.8,12.2
31.3,22.2,100.6,12.7
31.4,25.7,98.9,11.4
31.5,26.5,103.3,11.6
31.6,23.7,99.3,11.9
31.7,24.7,98.7,11.5
31.8,28.6,97.0,11.6
31.9,25.8,101.1,12.3
32.0,26.4,99.1,10.8
32.1,22.7,101.1,11.8
32.2,23.4,96.9,12.4
32.3,26.2,100.7,12.5
32.4,25.8,101.7,11.9
32.5,24.5,100.8,11.8
32.6,22.4,99.9,11.6
32.7,27.7,98.6,11.7
32.8,27.0,101.1,13.2
32.9,22.4,101.4,12.2
33.0,26.2,99.7,12.4
33.1,24.1,97.1,12.7
33.2,29.4,101.3,11.5
33.3,23.8,98.7,11.7
33.4,24.6,99.3,13.1
33.5,23.3,99.6,12.1
33.6,22.5,99.5,11.6
33.7,25.1,103.8,12.4
33.8,27.1,102.7,12.2
33.9,23.1,99.7,11.8
34.0,22.3,99.4,12.1
34.1,27.5,101.1,11.1
34.2,22.3,99.9,12.1
34.3,24.0,95.2,12.2
34.4,22.5,100.3,11.8
34.5,22.6,101.4,11.6
34.6,24.1,101.1,11.9
34.7,26.7,101.2,12.6
34.8,24.7,99.4,12.4
34.9,24.9,101.6,12.7
35.0,24.9,98.0,12.0
35.1,26.4,102.2,12.1
35.2,23.8,100.9,11.8
35.3,23.5,100.3,11.3
35.4,24.5,104.4,12.1
35.5,26.0,98.7,12.2
35.6,26.4,99.8,12.4
35.7,22.6,102.6,11.8
35.8,23.3,99.1,12.2
35.9,23.3,99.0,11.5
36.0,24.7,99.2,12.2
36.1,24.7,98.8,11.4
36.2,24.0,102.8,12.0
36.3,28.2,100.0,12.0
36.4,25.0,98.9,13.1
36.5,26.1,99.6,12.9
36.6,24.1,101.4,12.6
36.7,25.9,100.5,12.3
36.8,28.4,100.5,12.3
36.9,24.7,104.0,11.8
37.0,21.9,96.1,12.5
37.1,24.7,102.5,13.1
37.2,28.1,99.3,12.1
37.3,26.6,103.2,12.0
37.4,25.5,99.1,11.9
37.5,25.4,101.4,12.6
37.6,23.1,95.2,11.4
37.7,29.8,98.3,12.8
37.8,26.5,97.9,12.3
37.9,24.0,99.8,11.6
38.0,27.8,100.2,11.5
38.1,27.1,110.4,11.1
38.2,21.1,100.1,12.0
38.3,22.0,98.7,11.5
38.4,26.0,99.7,12.3
38.5,25.7,97.9,12.4
38.6,24.1,102.5,12.3
38.7,27.1,102.0,11.1
38.8,22.2,97.7,12.7
38.9,24.3,99.9,11.4
39.0,27.6,98.1,11.4
39.1,25.2,96.5,11.4
39.2,25.4,100.7,12.7
39.3,21.8,100.8,11.8
39.4,25.6,100.6,12.3
39.5,23.7,97.8,11.2
39.6,25.5,100.2,11.9
39.7,24.2,97.7,12.2
39.8,23.8,103.3,12.1
39.9,24.7,99.8,11.5
40.0,27.6,97.8,12.3
40.1,26.0,95.6,12.3
40.2,24.2,102.0,11.4
40.3,25.0,100.6,12.4
40.4,28.0,96.7,11.9
40.5,24.8,99.9,12.4
40.6,23.5,100.6,12.2
40.7,22.4,101.3,12.5
40.8,24.7,98.2,11.7
40.9,25.5,98.4,12.1
41.0,23.4,96.8,11.9
41.1,24.6,101.5,12.7
41.2,25.5,97.4,11.8
41.3,24.7,95.6,12.3
41.4,28.6,103.5,12.0
41.5,24.2,97.2,12.2
41.6,23.2,99.5,12.0
41.7,23.6,95.7,12.0
41.8,22.1,98.0,12.5
41.9,26.8,100.2,12.5
42.0,24.5,98.0,12.2
42.1,27.2,98.9,11.2
42.2,23.7,97.1,13.0
42.3,22.8,103.0,11.6
42.4,24.5,99.1,12.4
42.5,24.3,99.0,12.4
42.6,21.5,101.4,11.8
42.7,24.1,100.5,12.0
42.8,22.1,99.0,12.2
42.9,26.5,99.2,12.5
43.0,24.1,96.2,12.2
43.1,24.4,100.0,12.0
43.2,27.8,100.3,12.0
43.3,23.0,100.5,11.8
43.4,24.9,100.0,12.5
43.5,23.2,102.5,11.6
43.6,24.7,100.6,11.4
43.7,23.4,103.6,12.1
43.8,26.6,101.7,12.0
43.9,25.7,100.0,11.7
44.0,21.2,99.5,12.1
44.1,23.2,99.9,11.9
44.2,24.6,103.3,12.4
44.3,26.0,96.9,11.5
44.4,25.7,101.2,11.8
44.5,26.6,99.5,11.6
44.6,26.3,99.7,11.5
44.7,25.3,98.5,12.2
44.8,25.0,100.8,12.4
44.9,25.4,102.4,11.8
45.0,25.7,100.6,12.4
45.1,26.6,103.7,13.2
45.2,27.7,101.0,11.9
45.3,23.8,102.2,12.3
45.4,25.7,101.2,12.2
45.5,24.6,98.0,11.9
45.6,23.7,101.9,12.2
45.7,26.1,97.2,11.5
45.8,27.6,101.7,12.2
45.9,28.5,96.8,12.0
46.0,24.0,99.0,12.5
46.1,23.6,100.7,11.9
46.2,24.2,99.4,11.6
46.3,28.4,102.2,11.9
46.4,22.8,99.4,11.1
46.5,28.0,102.2,12.1
46.6,24.0,98.9,12.0
46.7,23.4,100.5,12.1
46.8,27.5,98.4,11.5
46.9,25.2,100.0,11.4
47.0,24.3,97.9,12.1
47.1,28.1,101.6,11.6
47.2,24.6,100.6,12.3
47.3,27.5,101.1,12.1
47.4,26.5,99.4,12.3
47.5,25.4,98.2,12.5
47.6,26.8,100.8,12.0
47.7,21.6,97.2,11.9
47.8,22.7,100.2,12.3
47.9,26.6,101.6,13.0
48.0,23.6,102.4,12.6
48.1,26.7,99.6,12.5
48.2,21.8,101.6,11.5
48.3,24.5,97.7,11.9
48.4,26.8,97.1,11.9
48.5,23.8,99.4,12.7
48.6,27.0,98.6,12.6
48.7,23.5,102.5,11.8
48.8,31.3,99.2,12.2
48.9,22.6,102.6,11.7
49.0,24.2,97.0,11.9
49.1,24.5,99.0,11.9
49.2,23.6,101.4,12.2
49.3,26.2,96.4,11.5
49.4,29.0,100.4,11.9
49.5,24.5,97.7,12.4
49.6,25.6,101.1,12.4
49.7,25.4,98.6,12.3
49.8,24.9,96.7,11.7
49.9,27.7,103.4,11.9
50.0,23.9,98.5,12.1
50.1,24.6,101.1,11.8
50.2,24.2,100.1,12.1
50.3,21.4,101.6,12.1
50.4,23.9,99.6,12.0
50.5,23.7,102.8,11.8
50.6,20.9,100.3,12.5
50.7,23.0,101.2,12.7
50.8,24.5,101.4,12.5
50.9,24.6,96.7,11.9
51.0,36.1,98.4,12.4
51.1,23.1,98.0,12.6
51.2,23.1,104.4,12.4
51.3,26.0,105.1,12.7
51.4,22.2,104.0,12.1
51.5,27.8,103.1,12.1
51.6,26.2,101.0,13.0
51.7,21.6,100.2,12.1
51.8,25.8,100.1,11.6
51.9,24.9,99.0,10.8
52.0,22.9,101.3,12.1
52.1,26.8,101.2,11.6
52.2,25.0,99.0,12.3
52.3,23.9,100.0,11.7
52.4,27.3,100.2,12.3
52.5,23.7,98.0,11.1
52.6,25.1,100.4,12.2
52.7,21.4,101.6,12.8
52.8,26.7,97.1,12.3
52.9,26.1,102.8,11.1
53.0,24.3,103.4,11.9
53.1,21.9,100.2,11.3
53.2,25.8,101.5,12.1
53.3,25.0,98.8,11.5
53.4,23.8,100.2,11.0
53.5,26.1,100.5,11.5
53.6,23.1,96.7,11.9
53.7,26.5,100.5,11.2
53.8,26.0,97.9,12.6
53.9,21.5,99.1,11.9
54.0,24.4,100.3,11.9
54.1,25.7,103.2,12.5
54.2,24.9,99.3,11.4
54.3,25.9,101.9,11.6
54.4,28.3,99.0,12.0
54.5,26.1,100.8,12.1
54.6,27.6,97.9,12.6
54.7,26.0,96.9,11.0
54.8,25.3,102.1,11.6
54.9,25.7,94.3,12.0
55.0,24.3,98.8,11.5
55.1,22.1,101.4,11.3
55.2,22.4,103.9,11.4
55.3,24.9,100.6,12.0
55.4,25.6,103.7,12.6
55.5,28.3,96.8,12.7
55.6,25.0,99.5,12.1
55.7,23.8,100.9,12.3
55.8,22.7,99.6,12.2
55.9,24.0,98.0,12.0
56.0,27.5,100.1,13.0
56.1,23.6,98.0,11.9
56.2,22.9,101.7,12.0
56.3,24.8,100.5,10.8
56.4,25.7,102.1,12.2
56.5,24.8,101.6,11.9
56.6,24.2,101.0,11.8
56.7,20.3,101.3,11.8
56.8,23.7,100.7,11.9
56.9,27.4,99.8,12.4
57.0,30.5,103.3,12.0
57.1,25.1,101.1,12.0
57.2,24.0,98.2,12.3
57.3,27.4,99.8,12.2
57.4,21.9,100.3,11.8
57.5,25.4,98.3,12.0
57.6,26.7,99.3,11.8
57.7,26.3,102.3,12.6
57.8,22.7,99.2,12.3
57.9,24.6,97.5,12.0
58.0,25.5,101.3,12.5
58.1,24.4,97.4,12.5
58.2,24.6,101.4,11.7
58.3,24.6,99.0,12.0
58.4,23.5,101.5,11.3
58.5,24.8,99.6,12.1
58.6,22.8,100.3,11.7
58.7,26.5,101.7,11.7
58.8,24.0,98.1,12.0
58.9,24.9,102.7,11.2
59.0,26.4,99.3,11.9
59.1,25.0,96.9,12.4
59.2,27.1,101.7,11.6
59.3,23.3,100.0,12.3
59.4,25.2,101.3,12.6
59.5,20.9,101.0,12.7
59.6,26.7,98.0,12.4
59.7,24.0,101.5,13.0
59.8,24.8,102.1,12.0
59.9,29.2,100.3,13.0
60.0,25.9,103.3,11.6
60.1,27.2,102.5,12.7
60.2,21.1,99.4,11.9
60.3,26.6,100.0,11.9
60.4,26.3,99.6,12.3
60.5,23.2,103.3,12.7
60.6,25.8,99.0,11.6
60.7,24.5,101.1,11.6
60.8,25.3,99.8,12.6
60.9,27.8,101.6,11.5
61.0,26.1,96.5,13.0
61.1,25.5,99.7,12.2
61.2,25.7,100.1,12.7
61.3,25.7,101.0,12.6
61.4,24.5,99.6,12.5
61.5,22.7,97.9,11.8
61.6,24.6,97.8,12.2
61.7,24.7,99.6,11.6
61.8,22.1,98.5,11.7
61.9,22.5,99.6,12.5
62.0,23.8,99.9,12.7
62.1,25.9,101.0,11.4
62.2,27.5,94.7,11.3
62.3,23.1,101.2,11.8
62.4,29.4,100.3,12.3
62.5,23.0,97.8,12.8
62.6,26.3,100.9,11.7
62.7,24.8,99.2,13.1
62.8,23.4,99.0,11.2
62.9,22.1,102.5,12.3
63.0,24.4,97.5,10.7
63.1,27.1,97.2,10.6
63.2,29.0,99.0,12.1
63.3,23.0,97.2,11.6
63.4,25.1,103.0,11.7
63.5,26.1,101.4,11.5
63.6,28.2,102.1,11.7
63.7,25.4,97.7,12.1
63.8,21.1,101.4,12.6
63.9,22.6,101.7,10.7
64.0,22.0,101.2,9.2
64.1,21.6,101.6,12.6
64.2,23.3,97.5,11.2
64.3,25.8,100.9,11.8
64.4,25.6,96.1,11.0
64.5,22.6,85.8,12.5
64.6,23.4,99.2,12.4
64.7,24.9,101.0,11.1
64.8,24.3,102.4,12.5
64.9,20.4,99.5,12.2
65.0,25.8,99.2,12.6
65.1,25.7,100.1,12.4
65.2,23.0,100.5,12.9
65.3,24.9,100.5,11.5
65.4,23.3,102.5,12.3
65.5,26.5,100.9,11.3
65.6,22.7,99.5,11.1
65.7,27.3,102.3,12.6
65.8,24.5,99.3,11.7
65.9,24.8,101.2,11.7
66.0,26.8,99.1,12.1
66.1,25.7,97.5,12.6
66.2,24.6,98.5,12.0
66.3,23.0,102.9,12.4
66.4,24.4,101.8,12.1
66.5,26.3,99.0,11.1
66.6,26.1,104.1,11.0
66.7,26.2,99.9,11.6
66.8,26.0,100.1,12.0
66.9,24.6,99.6,11.0
67.0,23.6,100.0,12.6
67.1,27.2,102.1,11.8
67.2,24.0,100.0,11.5
67.3,25.3,99.1,12.0
67.4,23.9,100.7,11.7
67.5,22.5,103.3,12.2
67.6,23.1,99.2,11.9
67.7,23.9,98.5,11.6
67.8,28.1,100.2,12.0
67.9,27.1,100.3,12.0
68.0,29.1,103.1,12.2
68.1,25.1,99.2,11.7
68.2,27.1,95.7,11.7
68.3,25.2,97.3,11.9
68.4,25.0,97.9,11.8
68.5,21.7,101.3,12.5
68.6,25.2,101.1,11.3
68.7,24.5,99.0,13.3
68.8,20.5,99.2,11.1
68.9,28.3,100.2,11.4
69.0,27.2,95.1,12.0
69.1,22.9,96.6,12.1
69.2,21.3,104.5,11.8
69.3,23.3,96.0,11.5
69.4,21.6,99.2,12.0
69.5,27.3,98.3,12.4
69.6,25.2,101.9,11.9
69.7,23.5,104.7,12.3
69.8,28.1,100.1,11.3
69.9,23.6,97.2,11.9
70.0,24.3,97.6,12.0
70.1,24.4,102.1,11.6
70.2,26.5,99.9,12.7
70.3,33.1,100.8,12.7
70.4,21.0,101.2,12.1
70.5,25.2,102.1,11.8
70.6,24.1,101.7,12.4
70.7,24.0,96.3,12.4
70.8,25.5,98.9,10.9
70.9,22.0,100.9,11.8
71.0,20.0,98.1,11.4
71.1,25.6,102.6,12.2
71.2,23.3,98.4,11.3
71.3,23.1,104.4,11.7
71.4,25.2,99.0,13.0
71.5,28.5,99.0,11.4
71.6,22.4,98.4,12.3
71.7,25.5,100.7,12.1
71.8,24.5,96.4,10.9
71.9,25.5,101.5,10.7
72.0,27.6,100.6,11.9
72.1,22.9,101.6,12.1
72.2,27.3,98.2,12.6
72.3,27.3,101.4,12.2
72.4,21.3,98.9,11.9
72.5,28.5,100.8,13.6
72.6,25.9,100.9,11.6
72.7,23.1,101.6,11.1
72.8,26.2,100.7,11.8
72.9,21.0,101.7,11.3
73.0,24.2,105.4,11.9
73.1,27.0,99.9,12.0
73.2,23.9,102.0,12.2
73.3,30.9,97.5,11.1
73.4,27.8,101.4,11.9
73.5,27.7,101.5,11.9
73.6,26.7,98.9,11.9
73.7,22.5,100.0,13.0
73.8,22.4,100.1,12.5
73.9,26.9,101.5,12.5
74.0,28.3,102.2,11.2
74.1,22.6,102.0,11.9
74.2,27.9,98.5,11.9
74.3,25.3,98.9,12.1
74.4,33.0,98.7,12.8
74.5,25.9,104.6,11.9
74.6,25.2,101.8,11.1
74.7,26.5,99.4,11.9
74.8,23.3,101.3,12.7
74.9,19.6,99.9,11.3
75.0,26.4,101.5,11.3
75.1,25.9,96.9,12.1
75.2,23.9,101.4,11.7
75.3,21.5,102.5,13.0
75.4,22.0,103.3,11.7
75.5,24.9,101.5,12.0
75.6,25.1,98.7,11.9
75.7,21.6,101.0,11.9
75.8,24.9,102.3,11.7
75.9,22.9,99.0,12.6
76.0,24.4,100.6,12.3
76.1,23.7,97.9,12.1
76.2,25.4,100.4,10.6
76.3,24.6,97.6,11.6
76.4,20.8,100.4,12.3
76.5,22.7,101.3,12.6
76.6,29.7,101.0,11.9
76.7,24.8,97.7,11.6
76.8,27.6,102.7,11.9
76.9,26.4,100.6,12.3
77.0,25.9,99.7,12.0
77.1,24.8,99.4,11.9
77.2,25.4,98.7,12.1
77.3,25.0,98.1,11.9
77.4,24.7,98.7,11.6
77.5,23.9,100.1,12.2
77.6,25.5,98.3,12.2
77.7,23.3,101.8,11.8
77.8,24.9,99.5,11.5
77.9,26.6,96.2,12.2
78.0,23.9,100.6,11.9
78.1,23.5,97.2,11.8
78.2,24.1,99.5,12.5
78.3,28.2,96.7,12.1
78.4,22.0,100.1,11.8
78.5,26.3,102.3,11.5
78.6,22.3,98.3,11.5
78.7,27.5,100.3,12.4
78.8,20.8,99.5,11.7
78.9,21.7,99.5,12.1
79.0,25.9,96.0,12.7
79.1,24.8,98.1,12.3
79.2,27.1,101.9,11.9
79.3,23.4,104.8,12.0
79.4,24.9,98.7,11.9
79.5,23.1,99.8,13.2
79.6,22.6,98.6,12.6
79.7,26.8,97.9,12.8
79.8,25.3,98.6,12.0
79.9,23.1,101.3,11.3
80.0,25.8,101.2,12.0
80.1,23.3,98.1,11.6
80.2,26.9,102.1,11.4
80.3,26.1,101.9,11.3
80.4,21.4,100.3,12.3
80.5,23.1,101.2,12.3
80.6,24.5,99.0,11.9
80.7,24.5,101.2,12.5
80.8,28.1,102.5,12.2
80.9,24.8,100.2,12.6
81.0,24.9,96.2,13.0
81.1,25.6,101.4,11.4
81.2,25.2,109.3,12.8
81.3,26.3,98.2,12.1
81.4,22.1,96.4,12.2
81.5,23.6,101.5,12.5
81.6,25.6,95.5,12.1
81.7,24.5,100.9,12.1
81.8,25.8,99.8,12.2
81.9,25.0,100.4,11.9
82.0,28.8,97.8,11.7
82.1,28.1,102.4,12.8
82.2,24.5,102.1,12.2
82.3,26.9,100.9,11.5
82.4,27.7,98.7,11.7
82.5,24.6,101.5,11.2
82.6,23.1,101.3,11.6
82.7,23.6,94.4,11.5
82.8,26.6,97.8,12.5
82.9,24.8,99.5,11.4
83.0,25.6,99.7,12.2
83.1,24.5,100.1,11.7
83.2,26.6,100.6,12.2
83.3,23.3,97.5,11.6
83.4,25.6,104.1,12.0
83.5,27.1,95.6,12.2
83.6,30.4,102.9,12.4
83.7,28.1,102.3,12.6
83.8,28.3,98.0,11.9
83.9,25.6,104.9,12.2
84.0,23.4,97.7,12.7
84.1,23.8,99.7,12.1
84.2,24.8,101.8,12.3
84.3,30.0,99.0,12.0
84.4,22.3,99.5,9.6
84.5,24.4,96.5,11.6
84.6,25.1,100.2,11.7
84.7,24.9,99.2,12.5
84.8,26.3,100.1,12.3
84.9,27.3,101.1,12.2
85.0,24.8,99.8,12.2
85.1,23.5,102.7,11.9
85.2,27.1,97.1,12.3
85.3,26.8,103.3,12.7
85.4,26.2,103.8,12.8
85.5,20.5,98.7,11.9
85.6,23.0,101.3,12.6
85.7,25.9,102.1,11.7
85.8,21.1,98.7,11.1
85.9,25.9,99.2,11.8
86.0,21.3,98.2,11.6
86.1,23.0,100.9,12.7
86.2,23.7,99.5,12.1
86.3,25.9,97.5,11.4
86.4,29.5,97.1,11.7
86.5,22.5,99.3,11.5
86.6,28.2,100.7,11.7
86.7,22.8,102.9,12.6
86.8,23.7,97.4,12.6
86.9,25.9,99.3,12.0
87.0,24.2,100.1,12.5
87.1,25.9,101.9,11.3
87.2,17.9,96.6,12.8
87.3,23.6,97.1,12.2
87.4,23.8,99.3,11.8
87.5,25.0,98.7,12.0
87.6,23.0,101.8,11.9
87.7,26.1,102.0,12.6
87.8,26.3,104.1,12.4
87.9,27.0,99.6,11.7
88.0,22.5,97.0,12.6
88.1,25.9,100.7,11.4
88.2,27.1,101.5,11.9
88.3,23.8,98.6,11.5
88.4,23.9,103.6,12.3
88.5,23.4,98.5,11.9
88.6,24.3,100.2,12.7
88.7,25.5,99.5,13.0
88.8,21.5,96.2,12.5
88.9,25.0,100.8,11.5
89.0,27.1,100.6,11.8
89.1,25.2,101.7,12.2
89.2,23.5,98.2,11.4
89.3,24.0,100.0,12.4
89.4,26.4,98.2,11.8
89.5,24.0,100.0,12.3
89.6,22.1,98.7,12.5
89.7,25.5,100.3,11.5
89.8,24.9,100.0,11.7
89.9,21.9,101.6,11.9
90.0,22.3,101.3,11.4
90.1,18.6,102.8,12.5
90.2,24.9,101.9,11.9
90.3,25.6,100.4,11.3
90.4,26.3,103.7,12.5
90.5,23.4,96.8,11.9
90.6,26.9,104.8,11.2
90.7,23.3,98.7,12.3
90.8,20.6,99.7,12.2
90.9,25.0,100.2,11.6
91.0,26.8,100.3,12.2
91.1,24.5,98.0,12.2
91.2,25.6,98.0,11.9
91.3,23.0,101.3,12.7
91.4,25.4,101.2,11.8
91.5,27.4,99.1,11.8
91.6,24.6,103.4,12.1
91.7,24.0,100.6,12.2
91.8,25.3,98.5,11.6
91.9,25.3,99.5,10.9
92.0,26.8,102.6,11.8
92.1,23.4,98.8,12.0
92.2,27.2,96.8,10.3
92.3,25.0,100.8,12.6
92.4,22.5,103.2,13.0
92.5,23.5,98.1,13.1
92.6,26.8,101.2,11.1
92.7,26.2,96.4,11.9
92.8,25.4,100.8,12.1
92.9,25.5,98.2,12.8
93.0,28.8,99.3,11.4
93.1,26.2,101.0,11.5
93.2,25.8,99.0,11.8
93.3,22.7,98.6,12.6
93.4,24.3,100.1,12.0
93.5,24.6,97.3,12.0
93.6,21.8,100.6,11.8
93.7,25.8,95.1,12.6
93.8,23.9,100.5,11.7
93.9,21.7,102.4,11.5
94.0,25.1,102.2,12.3
94.1,21.6,99.1,11.3
94.2,25.5,98.7,11.8
94.3,22.2,99.1,12.4
94.4,24.8,100.8,12.4
94.5,27.1,99.6,12.0
94.6,26.7,98.7,11.8
94.7,23.7,102.1,12.3
94.8,28.2,101.0,12.4
94.9,21.4,101.7,12.6
95.0,24.3,99.8,11.8
95.1,24.3,95.2,12.6
95.2,23.1,102.2,12.3
95.3,25.1,99.1,11.6
95.4,19.1,99.2,11.4
95.5,24.7,100.4,13.0
95.6,23.4,96.6,12.1
95.7,26.4,101.5,11.6
95.8,29.0,98.6,11.6
95.9,23.3,103.5,12.6
96.0,22.8,100.1,12.3
96.1,25.4,101.6,12.0
96.2,24.2,101.8,12.3
96.3,27.3,97.0,12.4
96.4,26.0,97.9,11.6
96.5,25.9,102.0,11.9
96.6,24.3,99.6,11.7
96.7,25.7,99.8,12.1
96.8,21.7,102.3,12.3
96.9,25.5,96.1,12.3
97.0,26.1,100.9,11.7
97.1,28.8,99.5,11.7
97.2,23.2,100.2,11.8
97.3,28.9,98.5,12.6
97.4,29.3,101.5,11.6
97.5,24.9,101.1,12.2
97.6,26.4,101.9,11.9
97.7,24.5,101.2,12.4
97.8,24.6,99.3,11.7
97.9,27.0,98.8,12.4
98.0,27.1,99.9,11.9
98.1,25.1,99.6,11.7
98.2,23.9,102.9,14.8
98.3,24.8,96.4,12.6
98.4,24.6,99.0,12.2
98.5,24.9,99.7,11.7
98.6,26.2,99.5,12.6
98.7,24.6,100.2,12.8
98.8,27.0,103.4,11.4
98.9,24.8,98.7,12.4
99.0,26.1,101.1,12.5
99.1,25.6,99.5,11.3
99.2,24.3,100.0,11.9
99.3,23.4,101.5,12.2
99.4,24.9,97.7,11.7
99.5,25.0,102.3,11.6
99.6,26.0,103.4,13.2
99.7,27.8,100.5,12.4
99.8,27.8,105.6,11.9
99.9,27.2,99.2,11.8
